Recall,Precision
0,0
0,0
0,0
0,0
0,0
0,0
0,0
0,0
0,0
0,0
0,0
0,0
0,0
0,0
0,0
0,0
0,0
0,0
0,0
0,0
0,0
0,0
1,0.0434783
1,0.0416667
1,0.04
1,0.0384615
1,0.037037
1,0.0357143
1,0.0344828
1,0.0333333
1,0.0322581
1,0.03125
1,0.030303
1,0.0294118
1,0.0285714
1,0.0277778
