Recall,Precision
0,1
0,1
0,1
0,1
0,1
0,1
0,1
0,1
0,1
0,1
0,1
0,1
0,1
0,1
0,1
0,1
0,1
0.333333,0.9375
0.333333,0.941176
0.333333,0.944444
0.333333,0.947368
0.333333,0.95
0.333333,0.952381
0.333333,0.954545
0.666667,0.913043
0.666667,0.916667
0.666667,0.92
0.666667,0.923077
0.666667,0.925926
0.666667,0.928571
0.666667,0.931034
0.666667,0.931034
