Recall,Precision
0,1
0,1
0,1
0,1
0,1
0,1
0,1
0,1
0,1
0,1
0,1
0,1
0,1
0,1
0,1
0,1
0,1
0,1
0.333333,0.944444
0.333333,0.947368
0.333333,0.95
0.333333,0.952381
0.333333,0.954545
0.333333,0.956522
0.333333,0.958333
0.333333,0.96
0.333333,0.961538
0.666667,0.925926
0.666667,0.928571
0.666667,0.928571
0.666667,0.931034
0.666667,0.931034
