Recall,Precision
0,1
0.666667,0.931034
0.666667,0.931034
