Recall,Precision
0,0
0,0
0,0
0,0
0,0
0,0
0,0
1,0.125
1,0.111111
1,0.1
1,0.0909091
1,0.0833333
1,0.0769231
1,0.0714286
1,0.0666667
1,0.0625
1,0.0588235
1,0.0555556
1,0.0526316
1,0.05
1,0.047619
1,0.0454545
1,0.0434783
1,0.0416667
1,0.04
1,0.0384615
1,0.037037
1,0.0357143
1,0.0344828
1,0.0333333
1,0.0322581
1,0.03125
1,0.030303
1,0.0294118
1,0.0285714
1,0.0277778
