Recall,Precision
0,0
0,0
0,0
0.25,0.25
0.25,0.2
0.25,0.166667
0.25,0.142857
0.25,0.125
0.25,0.111111
0.5,0.2
0.5,0.181818
0.5,0.166667
0.5,0.153846
0.75,0.214286
0.75,0.2
0.75,0.1875
1,0.235294
1,0.222222
1,0.210526
1,0.2
1,0.190476
1,0.181818
1,0.173913
1,0.166667
1,0.16
1,0.153846
1,0.148148
1,0.142857
1,0.137931
1,0.133333
1,0.129032
1,0.125
1,0.121212
1,0.117647
1,0.114286
1,0.111111
