Recall,Precision
0,1
0,1
0,1
0,1
0,1
0,1
0,1
0.333333,0.857143
0.333333,0.875
0.333333,0.888889
0.333333,0.9
0.333333,0.909091
0.333333,0.909091
0.333333,0.916667
0.333333,0.923077
0.333333,0.928571
0.333333,0.933333
0.333333,0.9375
0.333333,0.941176
0.333333,0.944444
0.666667,0.894737
0.666667,0.9
0.666667,0.904762
0.666667,0.909091
0.666667,0.913043
0.666667,0.916667
0.666667,0.92
0.666667,0.923077
0.666667,0.925926
0.666667,0.928571
0.666667,0.931034
0.666667,0.931034
