Recall,Precision
0,0
0,0
0,0
0,0
0,0
0,0
0,0
0,0
0,0
0,0
0,0
0,0
0,0
0,0
0,0
0,0
0,0
0.333333,0.0555556
0.333333,0.0526316
0.333333,0.05
0.333333,0.047619
0.333333,0.0454545
0.333333,0.0434783
0.666667,0.0833333
0.666667,0.08
0.666667,0.0769231
0.666667,0.0740741
1,0.107143
1,0.103448
1,0.1
1,0.0967742
1,0.09375
1,0.0909091
1,0.0882353
1,0.0857143
1,0.0833333
