Recall,Precision
0,0
0,0
0,0
0,0
0,0
0,0
0,0
0,0
0.25,0.111111
0.25,0.1
0.25,0.0909091
0.25,0.0833333
0.25,0.0769231
0.25,0.0714286
0.25,0.0666667
0.25,0.0625
0.25,0.0588235
0.25,0.0555556
0.5,0.105263
0.5,0.1
0.5,0.0952381
0.5,0.0909091
0.75,0.130435
1,0.166667
1,0.16
1,0.153846
1,0.148148
1,0.142857
1,0.137931
1,0.133333
1,0.129032
1,0.125
1,0.121212
1,0.117647
1,0.114286
1,0.111111
